2; Stanley; 100001; NULL; 1; 1; 0; 0; 0;
9; 002; 220001; NULL; 1; 1; 0; 0; 0;
11; 4105698; 130001; 5340001; 2; 1; 0; 0; 0;
19; 530410639; 80002; 5663311798468608; 2; 1; 0; 0; 0;
10005; 302907; 5; 5340001; 2; 1; 0; 0; 0;
10007; B1; 20007; 5340001; 2; 1; 0; 0; 0;
10008; 003; 220001; NULL; 1; 1; 0; 0; 0;
10011; Raptor; 180004; NULL; 1; 1; 0; 0; 0;
10012; 4093667; 130001; NULL; 1; 1; 0; 0; 0;
20002; 13408513; 3; 3230001; 2; 1; 0; 0; 0;
20008; D1; 5; 5340001; 2; 1; 0; 0; 0;
30001; 167762; 20001; NULL; 1; 1; 0; 0; 0;
30003; 201307; 160001; 5340001; 2; 1; 0; 0; 0;
30004; 287589; 20006; 5340001; 2; 1; 0; 0; 0;
30005; 007; 220001; NULL; 1; 1; 0; 0; 0;
30010; 126947; 5639274879778816; NULL; 3; 1; 0; 0; 0;
30014; 2337412; 10018; 5662190040252416; 2; 1; 0; 0; 0;
30015; pag1; 120014; 8080002; 2; 1; 0; 0; 0;
30016; 8684739; 5693417237512192; 5912971939151872; 2; 1; 0; 0; 0;
40008; 006; 220001; NULL; 1; 1; 0; 0; 0;
40010; 70 mm; 30012; NULL; 1; 1; 0; 0; 0;
40018; L1; 70011; NULL; 3; 1; 0; 0; 0;
40019; 533257; 5717271485874176; NULL; 3; 1; 0; 0; 0;
50002; 001; 220001; NULL; 1; 1; 0; 1; 0;
60001; 336755; 50001; 6529218678620160; 2; 1; 0; 0; 0;
60002; PA921; 10003; 1150002; 2; 1; 0; 0; 0;
60006; 4071090; 130001; 70001; 2; 1; 0; 0; 0;
60008; 15252; 5; 5889156211277824; 2; 1; 0; 0; 0;
60014; 260730563; 80002; 5340001; 2; 1; 0; 0; 0;
60015; Hultafor; 14; NULL; 1; 1; 0; 0; 0;
60016; 1068918; 60012; NULL; 3; 1; 0; 0; 0;
60021; 50 mm; 80017; NULL; 1; 1; 0; 0; 0;
70002; 090820578; 80002; NULL; 3; 1; 0; 0; 0;
70003; 200850; 160001; 5340001; 2; 1; 0; 0; 0;
70009; 7463567; 5693417237512192; NULL; 3; 1; 0; 0; 0;
70010; dwl1; 170005; 5340001; 2; 1; 0; 0; 0;
80003; 08-32850-0011; 180001; 5889156211277824; 2; 1; 0; 0; 0;
80012; 008; 220001; NULL; 1; 1; 0; 0; 0;
80016; 396145; 120013; 5340001; 2; 1; 0; 0; 0;
80018; 7757584; 5693417237512192; 5340001; 2; 1; 0; 0; 0;
90004; 531610092; 80002; 2430009; 2; 1; 0; 0; 0;
90009; 605510503; 5706307139010560; 2430009; 2; 1; 0; 0; 0;
90011; 7493471; 5693417237512192; 5340001; 2; 1; 0; 0; 0;
90014; 530311321; 80002; 5131833452789760; 2; 1; 0; 0; 0;
100011; 8755287; 5693417237512192; 6326453742338048; 2; 1; 0; 0; 0;
120002; 1026662; 60004; 2430009; 2; 1; 0; 0; 0;
120003; 201110; 160001; 5105650963054592; 2; 1; 0; 0; 0;
120006; 005; 220001; NULL; 1; 1; 0; 0; 0;
130003; 296621; 20006; 5340001; 2; 1; 0; 0; 0;
130011; 281212; 20006; 5340001; 2; 1; 0; 0; 0;
130014; 152130045; 130013; 10110004; 2; 1; 0; 0; 0;
130015; 7682916; 5693417237512192; 5716959832309760; 2; 1; 0; 0; 0;
130016; 028617; 10019; 60010; 2; 1; 0; 0; 0;
130018; 126945; 5639274879778816; 5717711787130880; 2; 1; 0; 0; 0;
140001; 4070160; 130001; NULL; 1; 1; 0; 0; 0;
140005; 004; 220001; NULL; 1; 1; 0; 0; 0;
140007; 1124654; 60012; 5688392830418944; 2; 1; 0; 0; 0;
140009; 126767; 5639274879778816; NULL; 1; 1; 0; 0; 0;
140010; 7021379; 10018; NULL; 3; 1; 0; 0; 0;
140011; Bahco; 40011; NULL; 1; 1; 0; 0; 0;
140016; 1185175; 60012; 6529218678620160; 2; 1; 0; 0; 0;
170002; 421710571; 80002; NULL; 3; 1; 0; 0; 0;
170007; 425003; 70011; NULL; 3; 1; 0; 0; 0;
170009; 168584; 20001; 5340001; 2; 1; 0; 0; 0;
170011; 506482; 120013; 5721839015821312; 2; 1; 0; 0; 0;
180009; 002936; 10019; NULL; 4; 0; 1; 0; 0;
180010; 130720778; 80002; 5340001; 2; 1; 0; 0; 0;
180014; 8955671; 5693417237512192; 5151267508715520; 2; 1; 0; 0; 0;
240004; 505889; 5717271485874176; 5340001; 2; 1; 0; 0; 0;
240009; K2; 280001; NULL; 1; 1; 0; 0; 0;
250002; K1; 280001; 5340001; 2; 1; 0; 0; 0;
260004; 366101; 20006; NULL; 1; 1; 0; 0; 0;
260005; 532871; 5717271485874176; 6499070088577024; 2; 1; 0; 0; 0;
270003; 05-0259801; 330002; 6529218678620160; 2; 1; 0; 0; 0;
270004; L2; 70011; 5340001; 2; 1; 0; 0; 0;
270005; buk1; 280005; NULL; 2; 0; 1; 0; 0;
270006; 0511; 300005; 5340001; 2; 1; 0; 0; 0;
270010; 9073139; 350003; 5912971939151872; 2; 1; 0; 0; 0;
280002; pag 2; 120014; 5340001; 2; 1; 0; 0; 0;
280004; 203076373; 240006; 4800101721571328; 2; 1; 0; 0; 0;
280007; 062682; 5639274879778816; 5131833452789760; 2; 1; 0; 0; 0;
280008; 1528761; 300008; 5340001; 2; 1; 0; 0; 0;
290004; 1634613; 310003; 5912971939151872; 2; 1; 0; 0; 0;
300002; 224615; 20006; NULL; 3; 1; 0; 0; 0;
300009; 506242; 5717271485874176; NULL; 4; 0; 1; 0; 0;
310001; pag 3; 120014; 5340001; 2; 1; 0; 0; 0;
310006; pag6; 120014; NULL; 1; 1; 0; 0; 0;
310009; L4; 70011; 8080002; 2; 1; 0; 0; 0;
320007; 1634609; 310003; 5912971939151872; 2; 1; 0; 0; 0;
320008; L3; 70011; NULL; 1; 1; 0; 0; 0;
320009; K3; 280001; 5700564935507968; 2; 1; 0; 0; 0;
330004; 5m; 360002; NULL; 1; 1; 0; 0; 94;
330010; 9081865; 350003; 5340001; 2; 1; 0; 1; 0;
330011; pag5; 120014; 5340001; 2; 1; 0; 0; 0;
330012; 1064701; 300008; 5912971939151872; 2; 1; 0; 0; 0;
340004; pag4; 120014; 5340001; 2; 1; 0; 0; 0;
340006; karte1; 310008; NULL; 1; 1; 0; 0; 0;
350006; 221529; 20006; 5340001; 2; 1; 0; 0; 0;
360006; 2311; 300005; 5912971939151872; 2; 1; 0; 0; 0;
370001; 047746; 5639274879778816; NULL; 2; 0; 1; 0; 0;
380003; karte2; 310008; NULL; 1; 1; 0; 0; 0;
400001; buk2; 390001; NULL; 1; 0; 1; 0; 0;
410004; mz1; 440004; 5340001; 2; 1; 0; 0; 0;
420001; K4; 280001; 5340001; 2; 1; 0; 0; 0;
420002; 1048709; 310003; 5700673148551168; 2; 1; 0; 0; 0;
420004; 80268636485; 310008; NULL; 1; 1; 0; 0; 0;
430002; karte3; 310008; NULL; 1; 1; 0; 0; 0;
440001; 1077552; 310003; 5700673148551168; 2; 1; 0; 0; 0;
460001; 9162997; 350003; 5700673148551168; 2; 1; 0; 0; 0;
460002; 308156362; 240006; 5340001; 2; 1; 0; 0; 0;
460003; 206293146; 240006; NULL; 3; 1; 0; 0; 0;
480001; 1412; 300005; NULL; 2; 0; 1; 0; 0;
490002; tr1; 480002; 8080002; 2; 1; 0; 0; 0;
540001; 206293146; 240006; NULL; 1; 0; 1; 0; 0;
540003; 7464911; 5693417237512192; 5340001; 2; 1; 0; 0; 0;
560003; 308155984; 240006; 5340001; 2; 1; 0; 0; 0;
580001; 009; 220001; NULL; 1; 1; 0; 0; 0;
600001; karte5; 310008; NULL; 1; 1; 0; 0; 0;
600003; 130720780; 80002; 5340001; 2; 1; 0; 0; 0;
610002; 1071748; 60012; 5340001; 2; 1; 0; 0; 0;
630003; 7406978; 5693417237512192; 5340001; 2; 1; 0; 0; 0;
650001; buk3; 390001; 5340001; 2; 1; 0; 0; 0;
650002; 360132; 20006; 5131833452789760; 2; 1; 0; 0; 0;
650003; 060930972; 700005; 10110004; 2; 1; 0; 0; 0;
650005; tr2; 480002; NULL; 2; 0; 1; 0; 0;
650006; sp1; 730007; 5340001; 2; 1; 0; 0; 0;
650008; L7; 70011; NULL; 1; 1; 0; 0; 0;
650011; 307213911; 240006; NULL; 3; 1; 0; 0; 0;
660002; pag7; 120014; 5340001; 2; 1; 0; 0; 0;
660010; 171130082; 130013; 5340001; 2; 1; 0; 0; 0;
660013; L8; 70011; NULL; 1; 1; 0; 0; 0;
660014; pag11; 120014; 5340001; 2; 1; 0; 0; 0;
660016; buk6; 390001; NULL; 2; 0; 1; 0; 0;
660018; mg2; 740007; 5340001; 2; 1; 0; 0; 0;
660019; lzk1; 770012; 5340001; 2; 1; 0; 0; 0;
670008; 307025409; 240006; NULL; 3; 0; 1; 0; 0;
670012; buk5; 390001; 5092710780239872; 2; 1; 0; 0; 0;
690003; 7650710; 5693417237512192; 5726348362383360; 2; 1; 0; 0; 0;
690008; 058624; 5639274879778816; NULL; 3; 1; 0; 0; 0;
690009; pag10; 120014; 5340001; 2; 1; 0; 0; 0;
690010; 524281; 5717271485874176; NULL; 3; 0; 1; 0; 0;
690011; 2539502; 300008; NULL; 4; 0; 1; 0; 0;
700002; L5; 70011; NULL; 3; 1; 0; 0; 0;
700004; pag8; 120014; 5340001; 2; 1; 0; 0; 0;
700008; tk1; 730006; 5340001; 2; 1; 0; 0; 0;
700010; 1068912; 60012; 6300614480887808; 2; 1; 0; 0; 0;
700014; DW717XPS; 670017; 5690001; 2; 1; 0; 0; 0;
700015; 421610158; 80002; 6196672648445952; 2; 1; 0; 0; 0;
700019; 273096; 20006; NULL; 3; 1; 0; 0; 0;
700021; 0534712; 300008; 5340001; 2; 1; 0; 0; 0;
700024; 348674; 20006; NULL; 1; 1; 0; 0; 0;
700026; a4; 670019; 5340001; 2; 1; 0; 0; 0;
700030; 7463162; 5693417237512192; NULL; 2; 0; 1; 0; 0;
700034; 603900223; 5706307139010560; 5901870723760128; 2; 1; 0; 0; 0;
700035; 354023; 50001; 5340001; 2; 1; 0; 0; 0;
700037; 047747; 5639274879778816; 5476240202924032; 2; 1; 0; 0; 0;
710009; 0025702; 300008; NULL; 1; 1; 0; 0; 0;
710015; 7682918; 5693417237512192; 5688392830418944; 2; 1; 0; 0; 0;
720008; 132316; 5639274879778816; NULL; 1; 1; 0; 0; 0;
720013; 9132067; 350003; 10110004; 2; 1; 0; 0; 0;
720015; 432810380; 80002; 5997811602554880; 2; 1; 0; 0; 0;
730003; 022809; 10019; 2740005; 2; 1; 0; 0; 0;
730004; 7650754; 5693417237512192; 5340001; 2; 1; 0; 0; 0;
730010; 159072; 20001; 5340001; 2; 1; 0; 0; 0;
730012; 523710777; 80002; 5733543942553600; 2; 1; 0; 0; 0;
730013; 7963324; 5693417237512192; 5131833452789760; 2; 1; 0; 0; 0;
730014; 1098960; 60012; 5663311798468608; 2; 1; 0; 0; 0;
740003; 7650715; 5693417237512192; NULL; 3; 1; 0; 0; 0;
740004; 9139242; 350003; 5340001; 2; 1; 0; 0; 0;
740006; 293327; 20006; 5340001; 2; 1; 0; 0; 0;
740015; pag12; 120014; 5340001; 2; 1; 0; 0; 0;
760005; 1534831; 310003; 5747113119973376; 2; 1; 0; 0; 0;
760007; L6; 70011; 5340001; 2; 1; 0; 0; 0;
760009; buk4; 390001; 5340001; 2; 1; 0; 0; 0;
760010; mg1; 740007; 5340001; 2; 1; 0; 0; 0;
760015; 4710; 300005; NULL; 3; 1; 0; 0; 0;
760016; 039207; 750003; 2430009; 2; 1; 0; 0; 0;
760017; a2; 670019; 5340001; 2; 1; 0; 0; 0;
760018; tr3; 480002; 5340001; 2; 1; 0; 0; 0;
770001; 513871; 120013; 5631324727541760; 2; 1; 0; 0; 0;
770003; 1534830; 310003; NULL; 4; 0; 1; 0; 0;
770011; a1; 670019; 5340001; 2; 1; 0; 0; 0;
780001; 435910262; 80002; NULL; 2; 0; 1; 0; 0;
780005; 212747; 5717271485874176; 5340001; 2; 1; 0; 0; 0;
780009; 8904090; 5693417237512192; 6206490876575744; 2; 1; 0; 0; 0;
780011; 7682919; 5693417237512192; 5340001; 2; 1; 0; 0; 0;
780016; ks1; 770013; NULL; 1; 1; 0; 0; 0;
790012; 7667208; 5693417237512192; 5340001; 2; 1; 0; 0; 0;
790014; 112210; 5639274879778816; 5340001; 2; 1; 0; 0; 0;
790015; 034926; 770010; 5340001; 2; 1; 0; 0; 0;
800002; pag9; 120014; 5340001; 2; 1; 0; 0; 0;
800012; 7718407; 5693417237512192; 5689441909735424; 2; 1; 0; 0; 0;
810001; 191055; 20006; 2430009; 2; 1; 0; 0; 0;
830002; mg3; 740007; NULL; 1; 1; 0; 0; 0;
840001; 1067042; 60012; 6250373295636480; 2; 1; 0; 0; 0;
850002; L9; 70011; NULL; 1; 1; 0; 0; 0;
870001; 7722474; 5693417237512192; 2430009; 2; 1; 0; 0; 0;
890001; 524910418; 80002; 5734919842037760; 2; 1; 0; 0; 0;
900001; 132311; 5639274879778816; 2740005; 2; 1; 0; 0; 0;
900002; buk7; 390001; 5340001; 2; 1; 0; 0; 0;
970001; b70-01; 960001; 5688392830418944; 2; 1; 0; 0; 0;
980002; 246768; 20006; NULL; 3; 1; 0; 0; 0;
1000001; b80-02; 960001; 5340001; 2; 1; 0; 0; 0;
1010003; 200918DBF; 1040003; 5340001; 2; 1; 0; 0; 0;
1020001; K5; 280001; 5340001; 2; 1; 0; 0; 0;
1030001; 523147; 5717271485874176; NULL; 3; 1; 0; 0; 0;
1080001; lob1; 1070001; NULL; 1; 1; 0; 0; 0;
1120006; 9081862; 350003; 5340001; 2; 1; 0; 0; 0;
1120007; 074154; 5639274879778816; 5340001; 2; 1; 0; 0; 0;
1120008; 8794132; 5693417237512192; 2430009; 2; 1; 0; 0; 0;
1120009; 7709522; 5693417237512192; NULL; 3; 1; 0; 0; 0;
1120010; 511810261; 80002; 2430009; 2; 1; 0; 0; 0;
1120011; 4093842; 130001; 4795358198628352; 2; 1; 0; 0; 0;
1120012; 126970; 5639274879778816; 5180307426770944; 2; 1; 0; 0; 0;
1130008; 170322; 5639274879778816; 5726348362383360; 2; 1; 0; 0; 0;
1130009; gr11; 1230004; NULL; 1; 1; 0; 0; 0;
1130013; L10; 70011; NULL; 1; 1; 0; 0; 0;
1130017; 1099140; 60012; 4795358198628352; 2; 1; 0; 0; 0;
1130019; a6; 670019; 5340001; 2; 1; 0; 0; 0;
1130020; L13; 70011; NULL; 1; 1; 0; 0; 0;
1140001; 026428; 770010; 5726348362383360; 2; 1; 0; 0; 0;
1140003; gr9; 160001; NULL; 1; 1; 0; 0; 0;
1140004; buk10; 390001; 5340001; 2; 1; 0; 0; 0;
1140005; 531610150; 80002; 5747971844997120; 2; 1; 0; 0; 0;
1140014; 1071014; 60012; 2430009; 2; 1; 0; 0; 0;
1140016; b70-10; 960001; 5340001; 2; 1; 0; 0; 0;
1150004; 531605; 5717271485874176; 6207779836526592; 2; 1; 0; 0; 0;
1150006; K6; 280001; 5340001; 2; 1; 0; 0; 0;
1150008; 9094704; 350003; 5747113119973376; 2; 1; 0; 0; 0;
1150012; tr5; 480002; NULL; 1; 1; 0; 0; 0;
1150014; 1104661; 60004; 5340001; 2; 1; 0; 0; 0;
1150015; 132312; 5639274879778816; NULL; 3; 1; 0; 0; 0;
1150016; 291590; 20006; 6207779836526592; 2; 1; 0; 0; 0;
1150018; a5; 670019; 2430009; 2; 1; 0; 0; 0;
1150023; 7434425; 5693417237512192; 5340001; 2; 1; 0; 0; 0;
1150025; 020242; 750003; 6207779836526592; 2; 1; 0; 0; 0;
1160003; 200929DB; 1040003; NULL; 1; 1; 0; 0; 0;
1160007; 336991; 20006; NULL; 1; 1; 0; 0; 0;
1160015; k8; 280001; 5683636489682944; 2; 1; 0; 0; 0;
1160016; 034927; 770010; 5689441909735424; 2; 1; 0; 0; 0;
1160019; 7493475; 5693417237512192; 5192474800685056; 2; 1; 0; 0; 0;
1160020; k9; 280001; 5340001; 2; 1; 0; 0; 0;
1160021; a7; 670019; 2430009; 2; 1; 0; 0; 0;
1170003; 66130090; 130013; NULL; 1; 1; 0; 0; 0;
1170005; 2022059; 5717271485874176; 5340001; 2; 1; 0; 0; 0;
1170006; buk8; 390001; 8080002; 2; 1; 0; 0; 0;
1170007; gr10; 160001; NULL; 1; 1; 0; 0; 0;
1170014; 248012; 20006; NULL; 3; 1; 0; 0; 0;
1170019; b40-07; 960001; 5340001; 2; 1; 0; 0; 0;
1170020; 7061115; 5693417237512192; 5340001; 2; 1; 0; 0; 0;
1170021; 8005262; 5693417237512192; NULL; 1; 1; 0; 0; 0;
1170024; 7549407; 5693417237512192; 5340001; 2; 1; 0; 0; 0;
1180001; 148071; 5639274879778816; 5340001; 2; 1; 0; 0; 0;
1180004; 201251DB; 1040003; 5105650963054592; 2; 1; 0; 0; 0;
1180009; 4093843; 130001; 5690001; 2; 1; 0; 0; 0;
1180015; tr6; 480002; 5340001; 2; 1; 0; 0; 0;
1180017; sl1; 1250024; 5340001; 2; 1; 0; 0; 0;
1180022; mg5; 740007; 5340001; 2; 1; 0; 0; 0;
1190005; 494274; 5717271485874176; NULL; 1; 0; 1; 0; 0;
1190011; b70-03; 960001; 60010; 2; 1; 0; 0; 0;
1190014; 399675; 120013; NULL; 3; 1; 0; 0; 0;
1190015; 022316; 10019; 5638804060766208; 2; 1; 0; 0; 0;
1190017; b105-08; 960001; 5340001; 2; 1; 0; 0; 0;
1190019; sp2; 730007; 5340001; 2; 1; 0; 0; 0;
1190022; b80-11; 960001; 5340001; 2; 1; 0; 0; 0;
1200002; 30429; 5; 5340001; 2; 1; 0; 0; 0;
1200005; buk9; 390001; NULL; 2; 0; 1; 0; 0;
1200007; tr4; 480002; 2430009; 2; 1; 0; 0; 0;
1200012; K7; 280001; 6196672648445952; 2; 1; 0; 0; 0;
1200013; 7718330; 5693417237512192; 5340001; 2; 1; 0; 0; 0;
1200014; 8548664; 5693417237512192; 60010; 2; 1; 0; 0; 0;
1200016; 131130855; 80002; NULL; 4; 0; 1; 0; 0;
1200022; 80820060; 80002; 5340001; 2; 1; 0; 0; 0;
1200024; 66130114; 130013; 5340001; 2; 1; 0; 0; 0;
1200025; 18778; 770010; 5340001; 2; 1; 0; 0; 0;
1200027; b125-09; 960001; 5340001; 2; 1; 0; 0; 0;
1200029; k10; 280001; 5340001; 2; 1; 0; 0; 0;
1210001; 475293; 5717271485874176; NULL; 1; 0; 1; 0; 0;
1210002; 201128; 160001; 5889156211277824; 2; 1; 0; 0; 0;
1210007; 5011; 300005; 5340001; 2; 1; 0; 0; 0;
1210011; 1525350; 300008; 10110004; 2; 1; 0; 0; 0;
1210012; a3; 670019; NULL; 1; 1; 0; 0; 0;
1210018; 530311323; 80002; 5747113119973376; 2; 1; 0; 0; 0;
1210020; mg4; 740007; NULL; 1; 1; 0; 0; 0;
1210023; 389554; 300005; 5695992171069440; 2; 1; 0; 0; 0;
1210029; sl2; 1250024; 5340001; 2; 1; 0; 0; 0;
1210031; 081020565; 80002; NULL; 4; 0; 1; 1; 0;
1220005; 150423; 20001; 5340001; 2; 1; 0; 0; 0;
1220007; 513864; 120013; 5734919842037760; 2; 1; 0; 0; 0;
1220008; L12; 70011; NULL; 1; 1; 0; 0; 0;
1220012; 307025410; 240006; NULL; 3; 1; 0; 0; 0;
1220013; 1071772; 60012; 5340001; 2; 1; 0; 0; 0;
1220015; b70-05; 960001; 5340001; 2; 1; 0; 0; 0;
1220016; b80-06; 960001; 5340001; 2; 1; 0; 0; 0;
1220018; 7173241; 5693417237512192; 5340001; 2; 1; 0; 0; 0;
1220021; 7549408; 5693417237512192; 5340001; 2; 1; 0; 0; 0;
1230003; 204168540; 240006; NULL; 1; 0; 1; 0; 0;
1230008; 1029842; 300008; 5187576692473856; 2; 1; 0; 0; 0;
1230010; 036620; 750003; NULL; 1; 1; 0; 0; 0;
1230013; b80-04; 960001; 5340001; 2; 1; 0; 0; 0;
1230017; 126972; 5639274879778816; NULL; 2; 0; 1; 0; 0;
1230019; 90820580; 80002; 5340001; 2; 1; 0; 0; 0;
1230021; 058328; 5733935958982656; 1550005; 2; 1; 0; 0; 0;
1230022; pag14; 120014; NULL; 1; 1; 0; 0; 0;
1240001; 223588; 20006; NULL; 4; 0; 1; 0; 0;
1240004; 1567098; 300008; 5340001; 2; 1; 0; 0; 0;
1240005; 126809; 5639274879778816; 6300614480887808; 2; 1; 0; 0; 0;
1240007; 2066844; 300005; 5747113119973376; 2; 1; 0; 0; 0;
1240017; b105-05; 960001; 5716959832309760; 2; 1; 0; 0; 0;
1240024; tr7; 480002; 5340001; 2; 1; 0; 0; 0;
1240026; sl3; 1250024; 5340001; 2; 1; 0; 0; 0;
1240028; pr1; 1230024; 5340001; 2; 1; 0; 0; 0;
1250005; 308156489; 240006; 5721839015821312; 2; 1; 0; 0; 0;
1250008; L11; 70011; NULL; 3; 1; 0; 0; 0;
1250014; 513690; 5717271485874176; NULL; 4; 0; 1; 0; 0;
1250016; cz1; 240006; 5340001; 2; 1; 0; 0; 0;
1250017; tk2; 730006; 5340001; 2; 1; 0; 0; 0;
1250018; buk11; 390001; 5340001; 2; 1; 0; 0; 0;
1250019; pag13; 120014; 5340001; 2; 1; 0; 0; 0;
1250020; 7061114; 5693417237512192; 5340001; 2; 1; 0; 0; 0;
1320002; 2064559; 1330001; 1550005; 2; 1; 0; 0; 0;
1370001; 333136761; 1330001; NULL; 1; 1; 0; 0; 0;
1390001; 004066; 5639274879778816; 5340001; 2; 1; 0; 0; 0;
1420001; 531602; 5717271485874176; 5694979263430656; 2; 1; 0; 0; 0;
1450001; 509092; 5717271485874176; NULL; 4; 0; 1; 0; 0;
1470005; 530410256; 80002; 5631324727541760; 2; 1; 0; 0; 0;
1470006; 1124660; 60012; 5340001; 2; 1; 0; 0; 0;
1470008; buk12; 390001; 5340001; 2; 1; 0; 0; 0;
1470009; k11; 280001; 5340001; 2; 1; 0; 0; 0;
1480006; 513074; 5717271485874176; 5340001; 2; 1; 0; 0; 0;
1480008; 14547; 770010; 5180307426770944; 2; 1; 0; 0; 0;
1480009; 7492027; 5693417237512192; 5733543942553600; 2; 1; 0; 0; 0;
1490001; 513932; 5717271485874176; NULL; 4; 0; 1; 0; 0;
1490002; 203076381; 240006; NULL; 1; 1; 0; 0; 0;
1490004; 0110720428; 80002; 5340001; 2; 1; 0; 0; 0;
1490005; 1071091; 60012; 5697359178629120; 2; 1; 0; 0; 0;
1490006; 529011305; 80002; 2430009; 2; 1; 0; 0; 0;
1490007; 7492021; 5693417237512192; 5728095977865216; 2; 1; 0; 0; 0;
1490010; 028611; 10019; 1510004; 2; 1; 0; 0; 0;
1510005; 193745; 5639274879778816; 2430009; 2; 1; 0; 0; 0;
1510006; b80-13; 960001; 5340001; 2; 1; 0; 0; 0;
1520001; 206293861; 240006; 5688392830418944; 2; 1; 0; 0; 0;
1520003; 7419814; 5693417237512192; 1510004; 2; 1; 0; 0; 0;
1520005; fl1; 1600005; 5340001; 2; 1; 0; 0; 0;
1530005; 301004250; 1470004; 70001; 2; 1; 0; 0; 0;
1530007; 1056908; 60012; 5340001; 2; 1; 0; 0; 0;
1530008; buk13; 390001; 5340001; 2; 1; 0; 0; 0;
1540004; 040330317; 80002; 5340001; 2; 1; 0; 0; 0;
1540005; 524283; 5717271485874176; NULL; 3; 0; 1; 0; 0;
1540006; 505851; 5717271485874176; NULL; 1; 1; 1; 0; 0;
1540007; b70-12; 960001; NULL; 1; 1; 0; 0; 0;
1540008; pag15; 120014; 5340001; 2; 1; 0; 0; 0;
1550002; 010; 220001; NULL; 1; 1; 0; 0; 0;
1550003; 7539561; 5693417237512192; NULL; 1; 1; 0; 0; 0;
1550007; tr8; 480002; 5340001; 2; 1; 0; 0; 0;
1550009; D2; 5; 5340001; 2; 1; 0; 0; 0;
1550011; L14; 70011; NULL; 1; 1; 0; 0; 0;
1560004; mg6; 740007; NULL; 2; 0; 1; 0; 0;
1560009; 062681; 5639274879778816; 5700673148551168; 2; 1; 0; 0; 0;
1570004; sp3; 730007; 5340001; 2; 1; 0; 0; 0;
1570009; K12; 280001; NULL; 1; 1; 0; 0; 0;
1580004; 4114868; 130001; 2430009; 2; 1; 0; 0; 0;
1580008; 210302; 20006; NULL; 1; 1; 0; 1; 0;
1580009; tr9; 480002; 5340001; 2; 1; 0; 0; 0;
1580014; mk1; 1530010; 5340001; 2; 1; 0; 0; 0;
1590001; 29673; 1540003; 1150002; 2; 1; 0; 0; 0;
1590002; 7718332; 5693417237512192; 2430009; 2; 1; 0; 0; 0;
1590005; 1808007; 5639274879778816; NULL; 1; 0; 1; 0; 0;
1600003; 4097486; 130001; 2430009; 2; 1; 0; 0; 0;
1600004; 307213924; 240006; NULL; 2; 0; 1; 0; 0;
1600008; sp4; 730007; 5340001; 2; 1; 0; 0; 0;
1610002; 088411; 5639274879778816; 5690001; 2; 1; 0; 0; 0;
1620002; 513680; 5717271485874176; NULL; 3; 0; 1; 0; 0;
1620004; 7500691; 5693417237512192; 5747113119973376; 2; 1; 0; 0; 0;
1620005; 7938629; 5693417237512192; NULL; 3; 1; 0; 0; 0;
1620007; 111572567; 240006; 5683636489682944; 2; 1; 0; 0; 0;
1620008; 520309; 5717271485874176; NULL; 4; 0; 1; 0; 0;
1630002; 508230; 5717271485874176; 5728095977865216; 2; 1; 0; 0; 0;
1630003; 246709; 20006; 5340001; 2; 1; 0; 0; 0;
1660001; pag16; 120014; NULL; 1; 1; 0; 0; 0;
1670001; pag17; 120014; 6196672648445952; 2; 1; 0; 0; 0;
1690002; 110440101; 240006; 5717711787130880; 2; 1; 0; 0; 0;
1710006; 80268602459; 310008; NULL; 1; 1; 0; 0; 0;
1730002; 8794199; 5693417237512192; 6499070088577024; 2; 1; 0; 0; 0;
1730007; 1101479; 60012; 5717711787130880; 2; 1; 0; 0; 0;
1750003; 034032; 770010; 2430009; 2; 1; 0; 0; 0;
1750004; 303392646; 240006; NULL; 3; 1; 0; 0; 0;
1750005; K13; 280001; 5340001; 2; 1; 0; 0; 0;
1760002; karte6; 310008; NULL; 1; 1; 0; 0; 0;
1760004; b70-14; 960001; 5340001; 2; 1; 0; 0; 0;
1770002; 7709422; 5693417237512192; NULL; 4; 0; 1; 0; 0;
1770004; 7718333; 5693417237512192; NULL; 3; 1; 0; 0; 0;
1780003; 1056856; 300008; NULL; 1; 1; 0; 0; 0;
1780004; 9076342; 350003; 5678524673294336; 2; 1; 0; 0; 0;
1790005; L15; 70011; 5340001; 2; 1; 0; 0; 0;
1790007; 060330949; 80002; 5340001; 2; 1; 0; 0; 0;
1800003; 011; 220001; NULL; 1; 1; 0; 0; 0;
1800004; 260938; 5639274879778816; NULL; 3; 1; 0; 0; 0;
1800005; 1534834; 310003; 5678524673294336; 2; 1; 0; 0; 0;
1820001; dwl2; 170005; 5340001; 2; 1; 0; 0; 0;
1820005; karte8; 310008; NULL; 1; 1; 0; 0; 0;
1820007; 7718334; 5693417237512192; 5700564935507968; 2; 1; 0; 0; 0;
1830006; pag19; 120014; 2430009; 2; 1; 0; 0; 0;
1850005; a8; 670019; 2430009; 2; 1; 0; 0; 0;
1860001; 287195; 20006; 5340001; 2; 1; 0; 0; 0;
1860003; 3026220; 310003; 5678524673294336; 2; 1; 0; 0; 0;
1860004; 907634; 310003; NULL; 1; 0; 1; 1; 0;
1860005; 012; 220001; NULL; 1; 1; 0; 0; 0;
1860006; pag18; 120014; 5340001; 2; 1; 0; 0; 0;
1870001; 998597; 1750006; NULL; 3; 1; 0; 0; 0;
1900001; a9; 670019; 2430009; 2; 1; 0; 0; 0;
1970001; 260730681; 80002; 7270017; 2; 1; 0; 0; 0;
2010002; tr11; 480002; 5340001; 2; 1; 0; 0; 0;
2010003; 80259817330; 310008; NULL; 1; 1; 0; 0; 0;
2020001; 2080030; 2010001; 5363097745227776; 2; 1; 0; 0; 0;
2080001; tr10; 480002; 5340001; 2; 1; 0; 0; 0;
2090002; 80259850301; 310008; NULL; 1; 1; 0; 0; 0;
2100001; 80280442726; 310008; NULL; 1; 1; 0; 0; 0;
2150003; 013; 220001; NULL; 1; 1; 0; 0; 0;
2180001; 538247; 5717271485874176; 4795358198628352; 2; 1; 0; 0; 0;
2190002; 443436; 120013; 5747971844997120; 2; 1; 0; 0; 0;
2230002; 80259851817; 310008; NULL; 1; 1; 0; 0; 0;
2250001; 027993; 10019; 6300614480887808; 2; 1; 0; 0; 0;
2280001; 221220094; 80002; 5192303639527424; 2; 1; 0; 0; 0;
2290001; 7699388; 5693417237512192; 5340001; 2; 1; 0; 0; 0;
2300001; 8755288; 5693417237512192; 5729458187141120; 2; 1; 0; 0; 0;
2320001; 329200; 330002; NULL; 1; 1; 0; 0; 0;
2400003; 120942; 20006; 5340001; 2; 1; 0; 0; 0;
2400004; 033188/01; 20006; 5340001; 2; 1; 0; 0; 0;
2410002; 9003860; 5693417237512192; 6250373295636480; 2; 1; 0; 0; 0;
2410003; 06-0305663; 330002; 10370006; 2; 1; 0; 0; 0;
2410004; 9073134; 350003; 5340001; 2; 1; 0; 0; 0;
2410006; 1070825; 60012; 5700828304244736; 2; 1; 0; 0; 0;
2420002; 131130859; 80002; NULL; 4; 0; 1; 0; 0;
2420004; 048290; 2530003; 5340001; 2; 1; 0; 0; 0;
2420005; 202710; 20006; 5340001; 2; 1; 0; 0; 0;
2420006; 1050797; 310003; 5340001; 2; 1; 0; 0; 0;
2420007; 232831; 20006; 5340001; 2; 1; 0; 0; 0;
2420014; 165629; 5639274879778816; NULL; 3; 1; 0; 0; 0;
2430002; 304345466; 240006; 5733543942553600; 2; 1; 0; 0; 0;
2430004; 04-0195713; 2500007; 5638804060766208; 2; 1; 0; 0; 0;
2430005; 206293145; 240006; NULL; 1; 0; 1; 0; 0;
2430010; 235994; 20006; 5340001; 2; 1; 0; 0; 0;
2440002; 303392848; 240006; 6207779836526592; 2; 1; 0; 0; 0;
2440003; 09820473; 80002; 5340001; 2; 1; 0; 0; 0;
2440005; 487519; 5717271485874176; 5340001; 2; 1; 0; 0; 0;
2450002; 80268617407; 310008; NULL; 1; 1; 0; 0; 0;
2450003; 7687703; 5693417237512192; 5753013146746880; 2; 1; 0; 0; 0;
2460004; 1567097; 300008; 5340001; 2; 1; 0; 1; 0;
2470003; 7406878; 5693417237512192; 5700828304244736; 2; 1; 0; 0; 0;
2470006; 09000000; 80008; NULL; 1; 1; 0; 1; 0;
2480001; 303392643; 240006; NULL; 1; 1; 0; 0; 0;
2480003; 330610; 20006; 6297841978834944; 2; 1; 0; 0; 0;
2480005; 126971; 5639274879778816; 5340001; 2; 1; 0; 0; 0;
2500002; 510598; 120013; 2430009; 2; 1; 0; 0; 0;
2500006; 7699387; 5693417237512192; 5747971844997120; 2; 1; 0; 0; 0;
2500009; 538878; 5717271485874176; 4800101721571328; 2; 1; 0; 0; 0;
2510001; 292658; 20006; NULL; 3; 1; 0; 0; 0;
2510006; 7482245; 5693417237512192; 5631324727541760; 2; 1; 0; 0; 0;
2520001; 7709417; 5693417237512192; 5683636489682944; 2; 1; 0; 0; 0;
2520002; 267140115; 2530001; 570001; 2; 1; 0; 0; 0;
2520003; 2034070; 300005; 5340001; 2; 1; 0; 0; 0;
2530004; 202734; 20006; NULL; 1; 1; 0; 0; 0;
2530006; 7473315; 5693417237512192; 5099743000657920; 2; 1; 0; 0; 0;
2540002; 232844; 20006; 5340001; 2; 1; 0; 0; 0;
2540003; 213540; 20006; 5757183006343168; 2; 1; 0; 0; 0;
2550001; 498674; 5717271485874176; NULL; 3; 1; 0; 0; 0;
2560004; 1069; 2620001; 8570001; 2; 1; 0; 0; 0;
2570005; 1031; 2620001; 4884920950325248; 2; 1; 0; 0; 0;
2580002; 0888; 2620001; 5340001; 2; 1; 0; 0; 0;
2590003; 0702; 2620001; 1550005; 2; 1; 0; 0; 0;
2600005; 1072; 2620001; NULL; 1; 1; 0; 0; 0;
2600009; 1433; 2620001; NULL; 1; 1; 0; 0; 0;
2610005; 1074; 2620001; 5340001; 2; 1; 0; 0; 0;
2610006; 1107; 2620001; 2430009; 2; 1; 0; 0; 0;
2610007; 1096; 2620001; 6292735866699776; 2; 1; 0; 0; 0;
2630002; 0876; 2620001; 5340001; 2; 1; 0; 0; 0;
2640001; 1036; 2620001; 2430009; 2; 1; 0; 0; 0;
2640005; 1056; 2620001; NULL; 1; 1; 0; 0; 0;
2640006; 1371; 2620001; 10250001; 2; 1; 0; 0; 0;
2650002; 1053; 2620001; 5738275486564352; 2; 1; 0; 0; 0;
2660001; 0837; 2620001; 5707702298738688; 2; 1; 0; 0; 0;
2660003; 1030; 2620001; 5340001; 2; 1; 0; 0; 0;
2660004; 11CS0267; 2630004; 5340001; 2; 1; 0; 0; 0;
2670001; 0747; 2620001; 6243373035814912; 2; 1; 0; 0; 0;
2680002; 1076; 2620001; 5340001; 2; 1; 0; 0; 0;
2680004; 1035; 2620001; 5340001; 2; 1; 0; 0; 0;
2690001; 0883; 2620001; 1570010; 2; 1; 0; 0; 0;
2690003; 0891; 2620001; 6292735866699776; 2; 1; 0; 0; 0;
2700003; 1077; 2620001; 5340001; 2; 1; 0; 0; 0;
2720006; B2; 20007; 5340001; 2; 1; 0; 0; 0;
2730002; 7473244z; 5693417237512192; 5340001; 2; 1; 0; 0; 0;
2730005; 80280406453; 310008; NULL; 1; 1; 0; 0; 0;
2740004; 0208967; 2790003; 1510004; 2; 1; 0; 0; 0;
2740006; ks2; 770013; NULL; 1; 1; 0; 0; 0;
2750005; 80280428600; 310008; NULL; 1; 1; 0; 0; 0;
2760005; 80280424876; 310008; NULL; 1; 1; 0; 0; 0;
2770001; 1071766z; 60012; 5340001; 2; 1; 0; 0; 0;
2780001; 7463161z; 5693417237512192; 5340001; 2; 1; 0; 0; 0;
2800002; 80280425502; 310008; NULL; 1; 1; 0; 0; 0;
2830004; 278914z; 20006; NULL; 2; 0; 1; 0; 0;
2830006; buk14; 390001; NULL; 2; 0; 1; 0; 0;
2840003; 80280460247; 310008; NULL; 1; 1; 0; 0; 0;
2850002; 0911; 2620001; NULL; 1; 1; 0; 0; 0;
2860001; 253102; 20006; 6252187348893696; 2; 1; 0; 0; 0;
2870002; pag20; 120014; 5700673148551168; 2; 1; 0; 0; 0;
2940001; 159074; 20001; NULL; 4; 0; 1; 0; 0;
3020001; 308156366; 240006; 5340001; 2; 1; 0; 0; 0;
3090001; k14; 280001; 5340001; 2; 1; 0; 0; 0;
3130001; ta2232; 3120001; 2430009; 2; 1; 0; 0; 0;
3160001; tr12; 480002; NULL; 2; 0; 1; 0; 0;
3190001; 05-0294778z; 330002; 5340001; 2; 1; 0; 0; 0;
3230002; 80280442937; 310008; NULL; 1; 1; 0; 0; 0;
3260003; buk15; 390001; 5340001; 2; 1; 0; 0; 0;
3300002; tr13; 480002; 2330001; 2; 1; 0; 0; 0;
3350001; 261130035; 130013; 2430009; 2; 1; 0; 0; 0;
3350007; 80280412251; 310008; NULL; 1; 1; 0; 0; 0;
3360001; 268130121; 130013; 4778256343498752; 2; 1; 0; 0; 0;
3370001; 1132647; 60012; 5695992171069440; 2; 1; 0; 0; 0;
3370002; 7963251; 5693417237512192; 2430009; 2; 1; 0; 0; 0;
3380001; 1132641; 60012; 2430009; 2; 1; 0; 0; 0;
3390001; 7963325; 5693417237512192; 2430009; 2; 1; 0; 0; 0;
3400001; 7963321; 5693417237512192; 2430009; 2; 1; 0; 0; 0;
3410001; 8904082; 5693417237512192; 5340001; 2; 1; 0; 0; 0;
3420001; 432710393; 80002; NULL; 1; 1; 0; 0; 0;
3430001; 526010600; 80002; 5340001; 2; 1; 0; 0; 0;
3490001; tr14; 480002; 5340001; 2; 1; 0; 0; 0;
3490002; 292105; 5639274879778816; 5340001; 2; 1; 0; 0; 0;
3610002; 541529; 5717271485874176; NULL; 1; 1; 0; 0; 0;
3660003; tr15; 480002; 5340001; 2; 1; 0; 0; 0;
3660005; buk17; 390001; 5340001; 2; 1; 0; 0; 0;
3690001; L16; 70011; NULL; 1; 1; 0; 0; 0;
3730001; pag23; 120014; 2430009; 2; 1; 0; 0; 0;
3740001; 8548506; 5693417237512192; 5340001; 2; 1; 0; 0; 0;
3750002; 0643002; 5710003; NULL; 1; 1; 0; 0; 0;
3750003; 2418473; 9670004; 5690001; 2; 1; 0; 0; 0;
3750004; 180340223; 80002; NULL; 1; 1; 0; 0; 0;
3760003; 80268619020; 310008; NULL; 1; 1; 0; 0; 0;
3760004; 0643087; 5710003; NULL; 1; 1; 0; 0; 0;
3770001; 4141226; 130001; 5997811602554880; 2; 1; 0; 0; 0;
3810001; 07938702; 5693417237512192; 6529218678620160; 2; 1; 0; 0; 0;
3870003; 033682; 10019; 5700564935507968; 2; 1; 0; 0; 0;
3890001; 301230319; 80002; 5340001; 2; 1; 0; 0; 0;
3900003; 80280406168; 310008; NULL; 1; 1; 0; 0; 0;
3910002; 8024814; 5693417237512192; 5340001; 2; 1; 0; 0; 0;
4060005; 326345; 20006; 4800101721571328; 2; 1; 0; 0; 0;
4070003; 80280457477; 310008; NULL; 1; 1; 0; 0; 0;
4070004; buk18; 390001; 5340001; 2; 1; 0; 0; 0;
4070005; 7971889; 5693417237512192; 5747113119973376; 2; 1; 0; 0; 0;
4090003; 508244; 5717271485874176; NULL; 3; 1; 0; 0; 0;
4130008; 8006565; 5693417237512192; 5099743000657920; 2; 1; 0; 0; 0;
4150002; 1050927; 300008; 5092710780239872; 2; 1; 0; 0; 0;
4150008; K20; 280001; 5340001; 2; 1; 0; 0; 0;
4160001; 389591; 10820005; NULL; 1; 1; 0; 1; 0;
4160002; 111572568; 240006; 5340001; 2; 1; 0; 0; 0;
4170002; b80-16; 960001; 5752657016782848; 2; 1; 0; 0; 0;
4170004; mg8; 740007; NULL; 1; 1; 0; 0; 0;
4200002; 174466; 5639274879778816; 5340001; 2; 1; 0; 0; 0;
4220001; 130720776; 80002; 5340001; 2; 1; 0; 0; 0;
4230001; 370416; 330002; 6207779836526592; 2; 1; 0; 0; 0;
4290001; 8062936; 5693417237512192; 5106417849597952; 2; 1; 0; 0; 0;
4300001; 187827; 5639274879778816; NULL; 1; 1; 0; 0; 0;
4340001; 402241042; 240006; NULL; 2; 0; 1; 0; 0;
4380001; 80280426813; 310008; NULL; 1; 1; 0; 0; 0;
4470001; 8141312; 5693417237512192; 10110004; 2; 1; 0; 0; 0;
4520004; 193187; 5639274879778816; NULL; 4; 0; 1; 0; 0;
4520006; 1196184; 60012; 6300614480887808; 2; 1; 0; 0; 0;
4520008; b80-22; 960001; 6250373295636480; 2; 1; 0; 0; 0;
4540004; 352431; 20006; 5735364673142784; 2; 1; 0; 0; 0;
4560005; 2094513; 13930002; 5340001; 2; 1; 0; 0; 0;
4570001; 8311348; 5693417237512192; 2430009; 2; 1; 0; 0; 0;
4580002; b80-23; 960001; 5340001; 2; 1; 0; 0; 0;
4620004; 055197; 750003; 5726348362383360; 2; 1; 0; 0; 0;
4630005; 538336; 5717271485874176; NULL; 3; 1; 0; 0; 0;
4640002; 093087; 5733935958982656; 2430009; 2; 1; 0; 0; 0;
4640003; 526110673; 80002; 6207779836526592; 2; 1; 0; 0; 0;
4640006; 523710775; 80002; 5115704911069184; 2; 1; 0; 0; 0;
4640007; 519610468; 80002; 2430009; 2; 1; 0; 0; 0;
4640008; 418510985; 80002; NULL; 3; 0; 1; 0; 0;
4640009; 049682; 750003; 10110004; 2; 1; 0; 0; 0;
4640014; L24; 70011; 2430009; 2; 1; 0; 0; 0;
4640015; 0024; 8370004; NULL; 1; 1; 0; 0; 0;
4650003; 8377714; 5693417237512192; 7270017; 2; 1; 0; 0; 0;
4660003; pag22; 120014; 2430009; 2; 1; 0; 0; 0;
4690001; 077287; 5733935958982656; 2330001; 2; 1; 0; 0; 0;
4690002; 432810214; 80002; 2430009; 2; 1; 0; 0; 0;
4710002; 4149856; 130001; 2430009; 2; 1; 0; 0; 0;
4710003; 1132037; 60012; 5180307426770944; 2; 1; 0; 0; 0;
4710008; 050566; 5710005; 3230001; 2; 1; 0; 0; 0;
4720001; 269900; 3780001; NULL; 1; 1; 0; 0; 0;
4770002; 180810; 5639274879778816; NULL; 4; 0; 1; 0; 0;
4780001; 180807; 5639274879778816; 5645256259272704; 2; 1; 0; 0; 0;
4780002; a10; 670019; 4800002; 2; 1; 0; 0; 0;
4790003; 530410221; 80002; 5721839015821312; 2; 1; 0; 0; 0;
4840003; L17; 70011; NULL; 1; 1; 0; 0; 0;
4860001; 80280458853; 310008; NULL; 1; 1; 0; 0; 0;
4870001; 187826; 5639274879778816; 8080002; 2; 1; 0; 0; 0;
4870004; 8017597; 5693417237512192; 5340001; 2; 1; 0; 0; 0;
4910004; 193626; 5639274879778816; 5340001; 2; 1; 0; 0; 0;
4910006; 80280457887; 310008; NULL; 1; 1; 0; 0; 0;
5130003; 529310013; 80002; 5729458187141120; 2; 1; 0; 0; 0;
5140002; 80280459803; 310008; NULL; 1; 1; 0; 0; 0;
5160005; 1184309; 60012; 11250002; 2; 1; 0; 0; 0;
5170001; 327047; 2790003; 2430009; 2; 1; 0; 0; 0;
5180001; tr16; 480002; 5340001; 2; 1; 0; 0; 0;
5190001; 043019; 10019; 2430009; 2; 1; 0; 0; 0;
5320001; 043698; 10019; 5340001; 2; 1; 0; 0; 0;
5360001; tr20; 480002; NULL; 1; 1; 0; 0; 0;
5360006; mg14; 740007; 2430009; 2; 1; 0; 0; 0;
5360008; 1184297; 60012; 5683636489682944; 2; 1; 0; 0; 0;
5360009; 8219647; 5693417237512192; 5180307426770944; 2; 1; 0; 0; 0;
5370001; 0005; 8370004; 5340001; 2; 1; 0; 0; 0;
5370002; mg11; 740007; 5340001; 2; 1; 0; 0; 0;
5370006; 8236478; 5693417237512192; 2430009; 2; 1; 0; 0; 0;
5370010; buk22; 390001; 5340001; 2; 1; 0; 0; 0;
5370011; buk23; 390001; NULL; 1; 1; 0; 0; 0;
5370013; 8236472; 5693417237512192; 5340001; 2; 1; 0; 0; 0;
5380002; 7804409; 5693417237512192; 5340001; 2; 1; 0; 0; 0;
5390002; k25; 280001; NULL; 1; 1; 0; 0; 0;
5390006; 1196196; 60012; 6529218678620160; 2; 1; 0; 0; 0;
5400002; mg12; 740007; NULL; 1; 1; 0; 0; 0;
5400003; 0006; 8370004; NULL; 1; 1; 0; 0; 0;
5470001; 539288; 5717271485874176; 5700673148551168; 2; 1; 0; 0; 0;
5470003; 527806; 120013; 2430009; 2; 1; 0; 0; 0;
5480001; 305921; 5717271485874176; NULL; 1; 1; 0; 1; 0;
5480002; 8236577; 5693417237512192; 5734919842037760; 2; 1; 0; 0; 0;
5480003; 504826; 120013; 5757183006343168; 2; 1; 0; 0; 0;
5480004; 515810018; 80002; 6499070088577024; 2; 1; 0; 0; 0;
5480005; 407464212; 240006; 5747971844997120; 2; 1; 0; 0; 0;
5480007; k27; 280001; 5340001; 2; 1; 0; 0; 0;
5490001; 524293; 5717271485874176; 6499070088577024; 2; 1; 0; 0; 0;
5490002; 530410626; 80002; NULL; 3; 1; 0; 0; 0;
5490003; mg20; 740007; 5695992171069440; 2; 1; 0; 0; 0;
5490004; 110725; 60012; 5340001; 2; 1; 0; 0; 0;
5500001; 193059; 5639274879778816; NULL; 1; 1; 0; 0; 0;
5500002; k26; 280001; 6326453742338048; 2; 1; 0; 0; 0;
5500003; k28; 280001; 5340001; 2; 1; 0; 0; 0;
5570002; 8284289; 5693417237512192; 5665032234860544; 2; 1; 0; 0; 0;
5580001; 08284187; 5693417237512192; NULL; 1; 1; 0; 1; 0;
5590001; 8284185; 5693417237512192; 5735364673142784; 2; 1; 0; 0; 0;
5670002; buk16; 390001; NULL; 3; 1; 0; 0; 0;
5700001; 8005293; 5693417237512192; NULL; 3; 1; 0; 0; 0;
5760001; 152852; 5639274879778816; NULL; 1; 1; 0; 0; 0;
5790003; 8130997; 5693417237512192; 5340001; 2; 1; 0; 0; 0;
5830005; 193201; 5639274879778816; 1580010; 2; 1; 0; 0; 0;
5840001; 404233026; 240006; 6255337304752128; 2; 1; 0; 0; 0;
5840002; 193193; 5639274879778816; 6499070088577024; 2; 1; 0; 0; 0;
5860002; L19; 70011; NULL; 3; 1; 0; 0; 0;
5870002; 375945; 20006; 5631324727541760; 2; 1; 0; 0; 0;
5870003; 8250025; 5693417237512192; 10370006; 2; 1; 0; 0; 0;
5870005; 366022; 20006; 2430009; 2; 1; 0; 0; 0;
5920001; 193739; 5639274879778816; 5683636489682944; 2; 1; 0; 0; 0;
5920003; mg22; 740007; 5340001; 2; 1; 0; 0; 0;
5920004; mg23; 740007; NULL; 1; 1; 0; 0; 0;
5920005; 2094507-4; 13930002; 5340001; 2; 1; 0; 0; 0;
5940003; 8293053; 5693417237512192; 5757183006343168; 2; 1; 0; 0; 0;
5940004; b80-25; 960001; 5340001; 2; 1; 0; 0; 0;
5950004; aa1; 9950001; NULL; 1; 1; 0; 1; 0;
5970003; 530410235; 80002; 5192474800685056; 2; 1; 0; 0; 0;
5980003; 8377709; 5693417237512192; NULL; 2; 0; 1; 0; 0;
5980004; b70-26; 960001; 6250373295636480; 2; 1; 0; 0; 0;
5980005; b80-32; 960001; 5700828304244736; 2; 1; 0; 0; 0;
5980006; b70-28; 960001; 6252187348893696; 2; 1; 0; 0; 0;
5990001; 8360745; 5693417237512192; 5689441909735424; 2; 1; 0; 0; 0;
5990002; 1206088; 60012; 5106417849597952; 2; 1; 0; 0; 0;
5990003; 1206082; 60012; 5748955560280064; 2; 1; 0; 0; 0;
5990004; 292145; 5639274879778816; 5691438499102720; 2; 1; 0; 0; 0;
5990005; tr23; 480002; NULL; 1; 1; 0; 0; 0;
5990006; 8360709; 5693417237512192; 8570001; 2; 1; 0; 0; 0;
5990007; b70-36; 960001; 6499070088577024; 2; 1; 0; 0; 0;
6000001; tr25; 480002; NULL; 1; 1; 0; 0; 0;
6020001; L26; 70011; 6297841978834944; 2; 1; 0; 0; 0;
6020002; 421010165; 80002; 5340001; 2; 1; 0; 0; 0;
6020003; 8987137; 5693417237512192; 5700564935507968; 2; 1; 0; 0; 0;
6030001; b70-43; 960001; 5721839015821312; 2; 1; 0; 0; 0;
6030002; 065704; 770010; 10110004; 2; 1; 0; 0; 0;
6040001; mg45; 740007; 5340001; 2; 1; 0; 0; 0;
6040002; 421010170; 80002; 5690001; 2; 1; 0; 0; 0;
6040003; 8397665; 5693417237512192; NULL; 1; 1; 0; 0; 0;
6660005; 226846; 7660002; 3230001; 2; 1; 0; 0; 0;
6690002; 4145607; 130001; 5997811602554880; 2; 1; 0; 0; 0;
6690003; 4159247; 130001; 2430009; 2; 1; 0; 0; 0;
6700002; 1132610; 60012; 5476240202924032; 2; 1; 0; 0; 0;
6700003; 519710191; 80002; 5721839015821312; 2; 1; 0; 0; 0;
6700004; 121130892; 80002; NULL; 1; 1; 0; 0; 0;
6730001; 08005264; 5693417237512192; 6196672648445952; 2; 1; 0; 0; 0;
6750002; 152852; 5639274879778816; 5854011701854208; 2; 1; 0; 0; 0;
6760004; 1131503; 60012; 5700564935507968; 2; 1; 0; 0; 0;
6790001; 524292; 5717271485874176; NULL; 3; 1; 0; 0; 0;
6820001; 0855; 2620001; 5105650963054592; 2; 1; 0; 0; 0;
6830005; 515810301; 80002; NULL; 1; 1; 0; 0; 0;
6870002; 1212; 9950001; 5340001; 2; 1; 0; 0; 0;
6880001; k23; 280001; NULL; 1; 1; 0; 0; 0;
6900002; 8185796; 5693417237512192; 5700828304244736; 2; 1; 0; 0; 0;
6900003; L18; 70011; NULL; 2; 0; 1; 0; 0;
6920001; tr19; 480002; 5340001; 2; 1; 0; 0; 0;
6920004; 0004; 8370004; 5695992171069440; 2; 1; 0; 0; 0;
6920005; 228169; 20006; NULL; 4; 0; 1; 0; 0;
6920007; b70-19; 960001; 5340001; 2; 1; 0; 0; 0;
6930006; 310687740; 240006; NULL; 1; 1; 0; 0; 0;
6930007; 401128932; 240006; 2430009; 2; 1; 0; 0; 0;
6930010; 385397; 50001; 570001; 2; 1; 0; 0; 0;
6970002; 1195969; 60012; 5204256265076736; 2; 1; 0; 0; 0;
6980002; 396913; 6980001; 6250373295636480; 2; 1; 0; 0; 0;
6980003; 521810060; 80002; 1470010; 2; 1; 0; 0; 0;
6980004; 8250024; 5693417237512192; 6250373295636480; 2; 1; 0; 0; 0;
6980005; 1196998; 60012; 6252187348893696; 2; 1; 0; 0; 0;
6990001; 8250020; 5693417237512192; 5340001; 2; 1; 0; 0; 0;
6990002; 518804; 120013; 6252187348893696; 2; 1; 0; 0; 0;
6990004; 08255214; 5693417237512192; NULL; 1; 1; 0; 1; 0;
6990005; 1195951; 60012; 5340001; 2; 1; 0; 0; 0;
7000001; 339237; 6980001; 2430009; 2; 1; 0; 0; 0;
7040002; 414211233; 80002; NULL; 3; 0; 1; 0; 0;
7090003; PL-1; 9190007; 5340001; 2; 1; 0; 0; 0;
7090005; 252130094; 130013; 5695042949742592; 2; 1; 0; 0; 0;
7120001; 231146; 5639274879778816; NULL; 3; 1; 0; 0; 0;
7150001; 231144; 5639274879778816; 6194144489766912; 2; 1; 0; 0; 0;
7150002; 528510898; 80002; 5340001; 2; 1; 0; 0; 0;
7160001; b70-22; 960001; 5340001; 2; 1; 0; 0; 0;
7170002; b80-26; 960001; 5340001; 2; 1; 0; 0; 0;
7200002; 1031464; 9310002; 1580010; 2; 1; 0; 0; 0;
7210002; 529011181; 80002; 5363097745227776; 2; 1; 0; 0; 0;
7220001; buk26; 390001; NULL; 1; 1; 0; 0; 0;
7220003; 1202557; 60012; 5689441909735424; 2; 1; 0; 0; 0;
7220005; b80-27; 960001; NULL; 1; 1; 0; 0; 0;
7230001; aa2; 9950001; 5340001; 2; 1; 0; 0; 0;
7230002; 404907; 6980001; 10110004; 2; 1; 0; 0; 0;
7240002; 8377710; 5693417237512192; NULL; 1; 1; 0; 0; 0;
7240007; K41; 740007; 5340001; 2; 1; 0; 0; 0;
7240008; K43; 280001; 7270006; 2; 1; 0; 0; 0;
7250002; 532310257; 5706307139010560; 5204256265076736; 2; 1; 0; 0; 0;
7260001; 291230304; 80002; 5735364673142784; 2; 1; 0; 0; 0;
7270002; 0895; 2620001; 5640029049192448; 2; 1; 0; 0; 0;
7270004; 528410163; 80002; 5901870723760128; 2; 1; 0; 0; 0;
7270009; tk4; 730006; NULL; 1; 1; 0; 0; 0;
7270014; led8; 13930002; NULL; 2; 0; 1; 0; 0;
7270015; led10; 13930002; 3230001; 2; 1; 0; 0; 0;
7280005; K39; 740007; 5340001; 2; 1; 0; 0; 0;
7280006; mg36; 740007; NULL; 2; 0; 1; 0; 0;
7280007; 8377713; 5693417237512192; 5700564935507968; 2; 1; 0; 0; 0;
7290002; 8377594; 5693417237512192; NULL; 3; 1; 0; 0; 0;
7290003; 8377729; 5693417237512192; 2430009; 2; 1; 0; 0; 0;
7290004; 531610140; 80002; NULL; 1; 1; 0; 0; 0;
7290015; b70-38; 960001; NULL; 1; 1; 0; 0; 0;
7290016; mg40; 740007; NULL; 1; 1; 0; 0; 0;
7290017; led6; 13930002; NULL; 1; 1; 0; 0; 0;
7290022; 0031; 8370004; 5340001; 2; 1; 0; 0; 0;
7300002; k32; 280001; 5131833452789760; 2; 1; 0; 0; 0;
7300005; tk5; 730006; NULL; 1; 1; 0; 0; 0;
7300008; b70-33; 960001; NULL; 1; 1; 0; 0; 0;
7300009; L25; 70011; NULL; 1; 1; 0; 0; 0;
7300010; 331496; 20006; 2430009; 2; 1; 0; 0; 0;
7300011; 836712; 5693417237512192; NULL; 1; 1; 0; 1; 0;
7310001; led2; 13930002; 5340001; 2; 1; 0; 0; 0;
7310006; mg30; 740007; NULL; 1; 1; 0; 0; 0;
7310007; mg32; 740007; NULL; 1; 1; 0; 0; 0;
7310009; 035469; 10370009; 5889156211277824; 2; 1; 0; 0; 0;
7310010; 532600120; 5706307139010560; 6206490876575744; 2; 1; 0; 0; 0;
7310012; b80-35; 960001; 5734919842037760; 2; 1; 0; 0; 0;
7310013; b70-37; 960001; 6211937465532416; 2; 1; 0; 0; 0;
7310014; led11; 13930002; NULL; 1; 1; 0; 0; 0;
7320001; mg41; 740007; NULL; 1; 1; 0; 0; 0;
7320002; mg43; 740007; 4800101721571328; 2; 1; 0; 0; 0;
7330001; tr26; 480002; 5099743000657920; 2; 1; 0; 0; 0;
7330002; 211529; 5639274879778816; 1470010; 2; 1; 0; 0; 0;
7340002; 0033; 8370004; 6255337304752128; 2; 1; 0; 0; 0;
7660001; pag21; 120014; 6252187348893696; 2; 1; 0; 0; 0;
7700001; 311672; 20006; NULL; 1; 1; 0; 0; 0;
7720001; 174460; 5639274879778816; NULL; 3; 1; 0; 0; 0;
7760003; 8614864; 5693417237512192; 2430009; 2; 1; 0; 0; 0;
7770003; 311513; 20006; 5340001; 2; 1; 0; 0; 0;
7800001; 040997; 10019; 2430009; 2; 1; 0; 0; 0;
7860001; 797; 5693417237512192; NULL; 1; 1; 0; 1; 0;
7860002; 1131410; 60012; 6297841978834944; 2; 1; 0; 0; 0;
7870002; 416710917; 80002; 70001; 2; 1; 0; 0; 0;
7890001; GR11; 390001; 5340001; 2; 1; 0; 0; 0;
7890002; K18; 280001; 2430009; 2; 1; 0; 0; 0;
7890005; 077430; 5639274879778816; 10110004; 2; 1; 0; 0; 0;
7920001; K19; 280001; NULL; 1; 1; 0; 0; 0;
7920004; 291230315; 80002; 570001; 2; 1; 0; 0; 0;
7930005; 8017596; 5693417237512192; 5683636489682944; 2; 1; 0; 0; 0;
8010001; mg9; 740007; 5700564935507968; 2; 1; 0; 0; 0;
8020001; 8063007; 5693417237512192; 2740005; 2; 1; 0; 0; 0;
8020002; 519710642; 80002; 70001; 2; 1; 0; 0; 0;
8020003; 8062940; 5693417237512192; 2430009; 2; 1; 0; 0; 0;
8030001; 8062980; 5693417237512192; 5340001; 2; 1; 0; 0; 0;
8050003; 403166781; 240006; 6211937465532416; 2; 1; 0; 0; 0;
8160001; 528539; 5717271485874176; NULL; 3; 1; 0; 0; 0;
8230001; 202335; 20006; 5340001; 2; 1; 0; 0; 0;
8250006; 8131033; 5693417237512192; 5757183006343168; 2; 1; 0; 0; 0;
8260003; 523710100; 80002; 5663311798468608; 2; 1; 0; 0; 0;
8300003; 8131030; 5693417237512192; 5695992171069440; 2; 1; 0; 0; 0;
8320004; tr18; 480002; 5340001; 2; 1; 0; 0; 0;
8330001; 8130993; 5693417237512192; NULL; 1; 1; 0; 0; 0;
8340001; 528710119; 80002; 11250002; 2; 1; 0; 0; 0;
8380004; b80-17; 960001; NULL; 1; 1; 0; 0; 0;
8430001; b70-16; 960001; 5753013146746880; 2; 1; 0; 0; 0;
8440001; mg10; 740007; NULL; 2; 0; 1; 0; 0;
8460001; 535110251; 5706307139010560; 5901870723760128; 2; 1; 0; 0; 0;
8460002; 531710402; 80002; NULL; 1; 1; 0; 0; 0;
8490003; 00966; 13020006; 6250373295636480; 2; 1; 0; 0; 0;
8490004; 4067817548; 5330004; 8250002; 2; 1; 0; 0; 0;
8510003; 8185918; 5693417237512192; 6300614480887808; 2; 1; 0; 0; 0;
8520004; 0003; 13030002; 3230001; 2; 1; 0; 0; 0;
8530002; 311089726; 240006; NULL; 1; 1; 0; 0; 0;
8540002; K24; 280001; 5340001; 2; 1; 0; 0; 0;
8540004; 065316; 770010; 570001; 2; 1; 0; 0; 0;
8540005; 406000075; 5830004; 1150002; 2; 1; 0; 0; 0;
8550001; 0002; 8370004; 5131220530757632; 2; 1; 0; 0; 0;
8550002; 4031239100; 10030002; 5889156211277824; 2; 1; 0; 0; 0;
8550003; 406000082; 5830004; 70001; 2; 1; 0; 0; 0;
8550005; 112211; 5639274879778816; NULL; 4; 0; 1; 0; 0;
8560003; K25; 280001; 5752657016782848; 2; 1; 0; 0; 0;
8570004; 8236471; 5693417237512192; 5728095977865216; 2; 1; 0; 0; 0;
8580002; buk21; 390001; NULL; 3; 1; 0; 0; 0;
8590003; k24; 280001; 5340001; 2; 1; 0; 0; 0;
8600001; 352452; 20006; 6196672648445952; 2; 1; 0; 0; 0;
8610001; b80-19; 960001; NULL; 1; 1; 0; 0; 0;
8610002; 524810808; 80002; 6206490876575744; 2; 1; 0; 0; 0;
8610004; buk24; 390001; 5340001; 2; 1; 0; 0; 0;
8640001; 1196402; 60012; 5340001; 2; 1; 0; 0; 0;
8640004; b80-20; 960001; 5753013146746880; 2; 1; 0; 0; 0;
8640005; 193197; 5639274879778816; 5700828304244736; 2; 1; 0; 0; 0;
8650001; 290479; 20006; NULL; 3; 1; 0; 0; 0;
8650004; 8236479; 5693417237512192; 5717711787130880; 2; 1; 0; 0; 0;
8720002; 521810124; 80002; NULL; 1; 1; 0; 0; 0;
8730002; 07938703; 5693417237512192; 6196672648445952; 2; 1; 0; 0; 0;
8840002; 8017595; 5693417237512192; 1580010; 2; 1; 0; 0; 0;
8840004; 310155; 20006; NULL; 1; 1; 0; 0; 0;
8850001; 8024815; 5693417237512192; 5340001; 2; 1; 0; 0; 0;
8860002; 80280441372; 310008; NULL; 1; 1; 0; 0; 0;
8870001; k16; 280001; 5340001; 2; 1; 0; 0; 0;
8880001; 311524; 20006; 5997811602554880; 2; 1; 0; 0; 0;
8880002; 492726; 120013; 2430009; 2; 1; 0; 0; 0;
8950001; 311430265; 240006; 2430009; 2; 1; 0; 0; 0;
8980002; 404232732; 240006; 2430009; 2; 1; 0; 0; 0;
9010001; 267890; 20006; 5688392830418944; 2; 1; 0; 0; 0;
9020009; tr17; 480002; 5340001; 2; 1; 0; 0; 0;
9030001; 8126625; 5693417237512192; 6269166562574336; 2; 1; 0; 0; 0;
9080003; 292142; 5639274879778816; 8570001; 2; 1; 0; 0; 0;
9090003; buk20; 390001; 5728095977865216; 2; 1; 0; 0; 0;
9100003; 193194; 5639274879778816; 5663311798468608; 2; 1; 0; 0; 0;
9100005; 414110704; 80002; NULL; 3; 1; 0; 1; 0;
9110005; 8236477; 5693417237512192; 2430009; 2; 1; 0; 0; 0;
9110006; mg15; 740007; NULL; 1; 1; 0; 0; 0;
9140002; mg21; 740007; 5752657016782848; 2; 1; 0; 0; 0;
9140003; 404597398; 240006; 5700673148551168; 2; 1; 0; 0; 0;
9170007; 230972; 5639274879778816; NULL; 1; 1; 0; 0; 0;
9200005; 196080; 20001; 570001; 2; 1; 0; 0; 0;
9210001; tk3; 730006; NULL; 1; 1; 0; 0; 0;
9220005; 4113282045; 240006; 5340001; 2; 1; 0; 0; 0;
9230001; 528410165; 80002; 5733543942553600; 2; 1; 0; 0; 0;
9240001; 1204221; 60012; 6207779836526592; 2; 1; 0; 0; 0;
9240002; 366112; 20006; 11250002; 2; 1; 0; 0; 0;
9250002; 2094507-6; 13930002; 5340001; 2; 1; 0; 0; 0;
9260004; 1198678; 60004; 5340001; 2; 1; 0; 0; 0;
9260005; 328098; 20006; 2430009; 2; 1; 0; 0; 0;
9270003; 8309575; 5693417237512192; 2430009; 2; 1; 0; 0; 0;
9270006; mg25; 740007; NULL; 2; 0; 1; 0; 0;
9270008; 8360746; 5693417237512192; 5180307426770944; 2; 1; 0; 0; 0;
9280003; buk25; 390001; 5340001; 2; 1; 0; 0; 0;
9310001; 521711119; 80002; 5700673148551168; 2; 1; 0; 0; 0;
9310005; buk27; 390001; 5733543942553600; 2; 1; 0; 0; 0;
9320003; 8360749; 5693417237512192; 2430009; 2; 1; 0; 0; 0;
9320004; 8360748; 5693417237512192; 2430009; 2; 1; 0; 0; 0;
9320007; 362045; 6980001; 5716272536879104; 2; 1; 0; 0; 0;
9320008; 817598; 5693417237512192; 5340001; 2; 1; 0; 0; 0;
9330001; 1164093; 60012; 5363097745227776; 2; 1; 0; 0; 0;
9340003; 1031461; 9310002; 2430009; 2; 1; 0; 0; 0;
9350002; 1131416; 60012; 5340001; 2; 1; 0; 0; 0;
9350003; 1206100; 60012; 5752657016782848; 2; 1; 0; 0; 0;
9350004; 8987177; 5693417237512192; 6206490876575744; 2; 1; 0; 0; 0;
9350005; 421010208; 80002; NULL; 2; 0; 1; 0; 0;
9350007; pag25; 120014; NULL; 1; 1; 0; 0; 0;
9350010; 208329; 5639274879778816; 2430009; 2; 1; 0; 0; 0;
9350011; b70-31; 960001; 1580010; 2; 1; 0; 0; 0;
9360004; 0023; 8370004; 5733311175458816; 2; 1; 0; 0; 0;
9360007; K33; 730006; NULL; 1; 1; 0; 1; 0;
9360008; b80-33; 960001; 1580010; 2; 1; 0; 0; 0;
9360009; b80-36; 960001; 5192474800685056; 2; 1; 0; 0; 0;
9360010; 0026; 8370004; 5748696788500480; 2; 1; 0; 0; 0;
9360011; mg37; 740007; NULL; 1; 1; 0; 0; 0;
9360012; led12; 13930002; NULL; 1; 1; 0; 0; 0;
9370001; 1206106; 60012; 2430009; 2; 1; 0; 0; 0;
9370002; 8377597; 5693417237512192; 5131833452789760; 2; 1; 0; 0; 0;
9370003; 041044; 750003; 10370006; 2; 1; 0; 0; 0;
9370004; k30; 280001; 10370006; 2; 1; 0; 0; 0;
9370006; led3; 13930002; 5340001; 2; 1; 0; 0; 0;
9370009; K40; 280001; 6211937465532416; 2; 1; 0; 0; 0;
9370010; led13; 13930002; 2430009; 2; 1; 0; 0; 0;
9390001; mg42; 740007; NULL; 3; 1; 0; 0; 0;
9400001; 0034; 8370004; 6196672648445952; 2; 1; 0; 0; 0;
9410002; 506473; 120013; 5340001; 2; 1; 0; 0; 0;
9420001; 8377505; 5693417237512192; 4913623780556800; 2; 1; 0; 0; 0;
9430001; 356207; 20006; 5694979263430656; 2; 1; 0; 0; 0;
9680001; 1132697; 60012; 5733543942553600; 2; 1; 0; 0; 0;
9690001; 499923; 120013; 2430009; 2; 1; 0; 0; 0;
9700001; 1050796; 300008; 10110004; 2; 1; 0; 0; 0;
9710001; 180806; 5639274879778816; 2430009; 2; 1; 0; 0; 0;
9760002; K15; 280001; 5340001; 2; 1; 0; 0; 0;
9770003; 517910104; 80002; 6300614480887808; 2; 1; 0; 0; 0;
9780003; 8017466; 5693417237512192; 5340001; 2; 1; 0; 0; 0;
9790004; 1131434; 60012; 5757183006343168; 2; 1; 0; 0; 0;
9810001; 1132391; 60012; 6196672648445952; 2; 1; 0; 0; 0;
9830002; buk19; 390001; NULL; 1; 1; 0; 0; 0;
9860006; 058098; 770010; 5204256265076736; 2; 1; 0; 0; 0;
9900001; 1184339; 60012; 5716959832309760; 2; 1; 0; 0; 0;
9910001; 8130995; 5693417237512192; 5192474800685056; 2; 1; 0; 0; 0;
9950003; 0001; 8370004; 5340001; 2; 1; 0; 0; 0;
9990001; 045580; 10019; 6194144489766912; 2; 1; 0; 0; 0;
10050002; 0900; 2620001; 5665032234860544; 2; 1; 0; 0; 0;
10060001; 402404681; 240006; 5729458187141120; 2; 1; 0; 0; 0;
10060005; 524810804; 80002; 5340001; 2; 1; 0; 0; 0;
10100002; b80-21; 960001; NULL; 1; 1; 0; 0; 0;
10130002; L20; 70011; NULL; 2; 0; 1; 0; 0;
10160004; 193161; 5639274879778816; 6297841978834944; 2; 1; 0; 0; 0;
10160005; 193189; 5639274879778816; 7270017; 2; 1; 0; 0; 0;
10160006; 1195975; 60012; 4800101721571328; 2; 1; 0; 0; 0;
10170002; 1197010; 60012; 5631324727541760; 2; 1; 0; 0; 0;
10180001; 193258; 5639274879778816; NULL; 3; 1; 0; 0; 0;
10180002; mg16; 740007; 5340001; 2; 1; 0; 0; 0;
10180003; mg18; 740007; 5721839015821312; 2; 1; 0; 0; 0;
10190001; 507910767; 80002; 6250373295636480; 2; 1; 0; 0; 0;
10190003; 1197025; 60012; 5131833452789760; 2; 1; 0; 0; 0;
10200004; 08255213; 5693417237512192; NULL; 1; 1; 0; 1; 0;
10200005; 08255212; 5693417237512192; 5340001; 2; 1; 0; 0; 0;
10200007; 193287; 5639274879778816; 2430009; 2; 1; 0; 0; 0;
10210005; 415810412; 80002; NULL; 2; 0; 1; 0; 0;
10240002; 170140134; 130013; NULL; 3; 1; 0; 0; 0;
10270004; 378490; 6980001; 5340001; 2; 1; 0; 0; 0;
10280005; 8250217; 5693417237512192; 5340001; 2; 1; 0; 0; 0;
10280009; 158140145; 130013; 5340001; 2; 1; 0; 0; 0;
10280010; 1032686; 60012; NULL; 1; 1; 0; 1; 0;
10290002; 320130234; 7100001; 5340001; 2; 1; 0; 0; 0;
10310002; 8311174; 5693417237512192; 5748955560280064; 2; 1; 0; 0; 0;
10310003; 411326045; 240006; 5631324727541760; 2; 1; 0; 0; 0;
10320002; 530410259; 80002; 6269166562574336; 2; 1; 0; 0; 0;
10340002; 418510002; 80002; 5340001; 2; 1; 0; 0; 0;
10360003; 8017678; 5693417237512192; 5476240202924032; 2; 1; 0; 0; 0;
10360004; tr21; 480002; 5694979263430656; 2; 1; 0; 0; 0;
10360007; a17; 670019; NULL; 1; 1; 0; 0; 0;
10370003; 468580; 120013; NULL; 4; 0; 1; 0; 0;
10370004; 8377715; 5693417237512192; 5092710780239872; 2; 1; 0; 0; 0;
10370005; 421010212; 80002; NULL; 3; 0; 1; 0; 0;
10380001; 8017677; 5693417237512192; 5476240202924032; 2; 1; 0; 0; 0;
10380003; b70-29; 960001; NULL; 1; 1; 0; 0; 0;
10380004; k38; 100001; 5340001; 2; 1; 0; 0; 0;
10380007; led7; 13930002; 3230001; 2; 1; 0; 0; 0;
10390002; a12; 670019; 2430009; 2; 1; 0; 0; 0;
10390003; k29; 280001; 5733543942553600; 2; 1; 0; 0; 0;
10390006; k37; 100001; 5340001; 2; 1; 0; 0; 0;
10390007; L23; 70011; 2430009; 2; 1; 0; 0; 0;
10390009; mg34; 740007; 2430009; 2; 1; 0; 0; 0;
10390010; b80-37; 960001; 5717711787130880; 2; 1; 0; 0; 0;
10390011; 0029; 8370004; NULL; 1; 1; 0; 0; 0;
10400001; b70-39; 960001; 2430009; 2; 1; 0; 0; 0;
10400002; b80-42; 960001; NULL; 2; 0; 1; 0; 0;
10400003; 526639; 5717271485874176; 5340001; 2; 1; 0; 0; 0;
10410001; tr24; 480002; NULL; 1; 1; 0; 0; 0;
10420001; a20; 670019; 5728095977865216; 2; 1; 0; 0; 0;
10430001; b70-42; 960001; 5678524673294336; 2; 1; 0; 0; 0;
10660001; 309678; 20006; 5340001; 2; 1; 0; 0; 0;
10790002; 522719; 120013; 2430009; 2; 1; 0; 0; 0;
10800002; 1131422; 60012; 2740005; 2; 1; 0; 0; 0;
10810002; 8019859; 5693417237512192; 2430009; 2; 1; 0; 0; 0;
10820001; k17; 280001; 5721839015821312; 2; 1; 0; 0; 0;
10820003; 1525316; 300008; 5747113119973376; 2; 1; 0; 0; 0;
10820013; mg7; 740007; NULL; 3; 0; 1; 0; 0;
10820015; k21; 280001; NULL; 1; 1; 0; 0; 0;
10820017; 370416z; 330002; NULL; 1; 1; 0; 0; 0;
10830002; 9266537; 350003; 5092710780239872; 2; 1; 0; 0; 0;
10830003; 80268633245; 310008; NULL; 1; 1; 0; 0; 0;
10830010; pag24; 120014; 5340001; 2; 1; 0; 0; 0;
10830014; 0688; 2620001; 2430009; 2; 1; 0; 0; 0;
10870001; 1084; 2620001; 2430009; 2; 1; 0; 0; 0;
10920001; 3050012; 2010001; NULL; 1; 1; 0; 0; 0;
10920002; 1132377; 60012; 6269166562574336; 2; 1; 0; 0; 0;
11010001; 232044; 20006; 5340001; 2; 1; 0; 0; 0;
11030004; 78700818; 5130001; 2430009; 2; 1; 0; 0; 0;
11070003; 302169465; 8520006; 3230001; 2; 1; 0; 0; 0;
11080003; 4031239110; 10030002; NULL; 1; 1; 0; 0; 0;
11130003; mg19; 740007; NULL; 1; 1; 0; 0; 0;
11140001; 8250023; 5693417237512192; 6255337304752128; 2; 1; 0; 0; 0;
11140002; 414211142; 80002; 6297841978834944; 2; 1; 0; 0; 0;
11140003; mg17; 740007; 5700673148551168; 2; 1; 0; 0; 0;
11140004; 407464216; 240006; 4795358198628352; 2; 1; 0; 0; 0;
11150003; 193273; 5639274879778816; 5340001; 2; 1; 0; 0; 0;
11160005; 8258187; 5693417237512192; 2740005; 2; 1; 0; 0; 0;
11160006; 8284291; 5693417237512192; NULL; 1; 1; 0; 0; 0;
11180001; 415810430; 80002; 5340001; 2; 1; 0; 0; 0;
11210001; mg24; 740007; 5340001; 2; 1; 0; 0; 0;
11210005; 8311169; 5693417237512192; 5659359522586624; 2; 1; 0; 0; 0;
11230002; 065705; 770010; 2430009; 2; 1; 0; 0; 0;
11250003; 8377592; 5693417237512192; 6529218678620160; 2; 1; 0; 0; 0;
11250006; b80-29; 960001; 5735364673142784; 2; 1; 0; 0; 0;
11250008; b80-38; 960001; 4800101721571328; 2; 1; 0; 0; 0;
11250009; 0030; 8370004; 5663311798468608; 2; 1; 0; 0; 0;
11260001; 081020565; 80002; NULL; 3; 1; 0; 0; 0;
11270001; b80-45; 960001; 5912971939151872; 2; 1; 0; 0; 0;
11270002; 530410246; 80002; 5912971939151872; 2; 1; 0; 0; 0;